[
	{
		"headd": "Theory Test Questions: Answer five questions in all, including at least one question from each section.",
		"PartA": [
			{
				"headd": "Answer questions."
			},
			{
				"qs": [
					"1. List and discuss briefly eight factors that militate against the development of commercial agriculture in Nigeria."
				]
			},
			{
				"qs": [
					"2. (a) What does mechanization mean in Agriculture? (b) What are the advantages and disadvantages of mechanization? (c) State and discuss briefly four limitations of mechanization in agriculture."
				]
			}
		],
		"PartB": [
			{
				"headd": "Answer questions."
			},
			{
				"qs": [
					"3. Write short notes on the effects of the following farm practices on soil: (a) bush burning (b) fertilizer application (c) grazing (d) crop rotation."
				]
			},
			{
				"qs": [
					"4. (a) State six major uses of land in Nigeria (b) Discuss briefly five factors affecting land availability for agricultural production."
				]
			}
		],
		"PartC": [
			{
				"headd": "Answer questions."
			},
			{
				"qs": [
					"5. (a) List ten common grass and legume species of Nigeria pastures, giving their common and botanical names (b) Discuss three factors affecting the distribution of pastures in Nigeria."
				]
			},
			{
				"qs": [
					"6. Discuss briefly a named oil crop under the following headings: (a) climatic and soil requirements (b) planting date, seed rate and spacing (c) nursery practices (d) harvesting (e) processing and storage."
				]
			}
		],
		"PartD": [
			{
				"headd": "Answer questions."
			},
			{
				"qs": [
					"7. Write short notes on four food nutrients of livestock under the following headings: (a) composition (b) sources (c) functions."
				]
			},
			{
				"qs": [
					"8. (a) Describe the process of egg-formation in poultry (b) Enumerate six functions/roles of the reproductive hormones in animals."
				]
			}
		],
		"PartE": [
			{
				"headd": "Answer questions."
			},
			{
				"qs": [
					"9. (a) State and discuss briefly four factors of production in agriculture (b) List four functions of a farm manager."
				]
			},
			{
				"qs": [
					"10. Write short notes on the following as they relate to the marketing of agricultural produce: (a) Marketing/ Commodity Boards (b) Co-operative Societies (c) Middlemen/Wholesalers (a) Producers."
				]
			}
		]
	}
]