[
	{
		"headd": "Theory Test Questions: Answer five questions.",
		"PartA": [
			{
				"headd": "Answer five questions"
			},
			{
				"qs": [
					"1. (a) What is Commerce?",
					"(b) State and explain the importance of any five ancillary services to trade"
				]
			},
			{
				"qs": [
					"2. (a) Messrs Ola and Musa are both merchants. Ola trades on cash basis only while Musa allows credit. Give four reasons each why Ola insists on cash payment and Musa allows credit sales",
					"(b) Distinguish between cash discount and trade discount."
				]
			},
			{
				"qs": [
					"3. (a) Explain the meaning of working capital and state its importance (b) Outline any seven factors which might affect the rate of turnover."
				]
			},
			{
				"qs": [
					"4. (a) What is a Bonded Warehouse?",
					"(b) State four ways in which a bonded warehouse may be useful in international trade"
				]
			},
			{
				"qs": [
					"5. (a) Give any five advantages of advertising",
					"(b) What are five distinctive merits of television as a medium of advertising?"
				]
			},
			{
				"qs": [
					"6. Distinguish between the following, ",
					"(a) Broker and jobber",
					"(b) Gross profit and net profit",
					"(c) Fixed capital and liquid capital",
					"(d) Factors and del credere agents",
					"(e) F.O.B and C.I.F"
				]
			},
			{
				"qs": [
					"7. (a) What is consumerism?",
					"(b) Give three reasons why consumers need protection",
					"(c) State any five measures taken by government or associations to protect consumers in Nigeria"
				]
			},
			{
				"qs": [
					"8. (a) What is meant by the term insurable risk?",
					"(b) Explain any four circumstances when an insured may not be indemnified"
				]
			},
			{
				"qs": [
					"9. (a) List five types of business units in Nigeria",
					"(b) Give five main differences between a retail co-operative society and a public limited liability company"
				]
			},
			{
				"qs": [
					"10. Describe any five advantages of the Stock Exchange Market"
				]
			}
		]
	}
]