[
	{
		"headd": "Theory Test Questions: Answer all the questions",
		"PartA": [
			{
				"headd": "Part A: Answer one question only from this section"
			},
			{
				"qs": [
					"1. Given that quantity demanded per period of time is a function of price and that the relation is expressed as: Q = 60 - <sup>1</sup>/</sub>3</sub> P, where Q is quantity demanded and P is the price ?",
					"(a) Find the quantity demanded when price is (i) N30.00 (ii) N210.00; (iii) N0.00",
					"(b) comment on above", 
					"(c) suppose the relation is now expressed as P = N (180 - 3Q); find P when: (i) Q = 0; = 60; (iii) Q = 59."					
				]
			},
			{
				"qs": [
					"2. The table below shows the age distribution of a hypothetical population.",
					"<img src='eco_thry_1989_sectiona_qst2_1.jpg'>",
					"Present the above information in the form of a pie chart. Show your workings clearly."
				]
			}
		],
		"PartB": [
			{
				"headd": "Part B: Answer three questions only from this section."
			},
			{
				"qs": [
					"3. Economic problems arise because a country's resources are limited in relation to her unlimited wants. Identify and explain these economic problems.",
				],
				"qs": [
					"4. What is the mode and when is it a suitable average to use? State its disadvantages.",
				],
				"qs": [
					"5. What is devaluation? Under what conditions will devaluation improve a country’s balance of payment position?",
				],
				"qs": [
					"6. The wholesaler performs useful economic functions. Discuss.",
				],
				"qs": [
					"7. Briefly outline the measures which Nigeria has taken to improve the marketing of her agricultural produce.",
				],
				"qs": [
					"8. (a) What is a development plan? (b) Discuss the various ways of financing economic development in Nigeria.",
				],
				"qs": [
					"9. Why do countries impose restrictions on international trade?",
				],
				"qs": [
					"10. Briefly outline the principles of taxation and give reasons why Nigerians are taxed.",
				]
			}
		]
	}
]