[
	{
		"headd": "Theory Test Questions: Answer five questions in all, including at least one question from each section.",
		"PartA": [
			{
				"headd": "Answer all."
			},
			{
				"qs": [
					"1. What is a state? What characteristic must a state possess?"
				]
			},
			{
				"qs": [
					"2. Define Republican form of government and state its essential characteristics"
				]
			},
			{
				"qs": [
					"3. (a) What are the major difference between the civil service and public service?",
					"(b) Discuss the main criticisms against the Nigerian civil service"
				]
			},
			{
				"qs": [
					"4. What is proportional representation? Discuss its merits and demerits."
				]
			},
			{
				"qs": [
					"5. Discuss the functions of a modern legislature."
				]
			}
		],
		"PartB": [
			{
				"headd": "Answer all."
			},
			{
				"qs": [
					"6. What is Non-alignment? Examine the advantages of this policy"
				]
			},
			{
				"qs": [
					"7. Examine the factors which contributed to the Action Group crisis of 1962"
				]
			},

			{
				"qs": [
					"8. Account for the introduction of the Indirect Rule system in Nigeria and its failure in some parts of the country."
				]
			},

			{
				"qs": [
					"9. Compare the judicial system of the pre-colonial Hausa/Fulani society with that of the Igbo society."
				]
			},

			{
				"qs": [
					"10. Mention the aims of the Organization of African Unity (OAU) and discuss some of its achievements."
				]
			}
		]
	}
]