[
	{
		"headd": "Theory Test Questions: Answer three questions only from this section.",
		"PartA": [
			{
				"headd": "Answer all."
			},
			{
				"qs": [
					"1. (a) Explain with the aid of a diagram what is meant by the moment of a force about a point,",
					"(b) State the conditions of equilibrium for a number of coplana parallel forces.",
					" A metre rule is found to balance at the 48 cm mark. When a body of mass 60g is suspended at the 6cm mark the balance point is found to be at the 30 cm mark.",
					" Calculate ",
					"(i) the mass of the metre rule",
					"(ii) the distance of the balance point from the zero end, if the body were moved to the 13cm mark,",
					"(c) Show that the efficiency E, the force ratio M.A. and the velocity ratio V.R of a machine are related by the equation, ",
					"E = <sup>MA x 100 &#x25;</sup>/<sub>V.R</sub> The efficiency of a machine is 80%. ",
					"Determine the work done by a person using this machine to raise a load of 200kg through a vertical distance of 3.0m (Take g = 10ms<sup>-2</sup>)."
				]
			},
			{
				"qs": [
					"2. (a) Draw a labelled diagram of a vacuum flask. Explain how its construction minimizes heat exchange with the surroundings,",
					"(b) State Boyle’s law. A thread of mercury of length 15cm is used to trap some air in a capillary tube with uniform cross-sectional area and closed at one end with the tube vertical and the open end uppermost, the length of the trapped air column is 20 cm.",
					"Calculate the length of the air column when the tube is held: (i) horizontally, (ii) vertically with the open end underneath. (Atmospheric pressure = 76 cm of mercury)",
					"(c) Explain why it is not advisable to sterilize a clinical thermometer in boiling water at normal atmospheric pressure."
				]
			},
			{
				"qs": [
					"3. (a) Explain with the aid of a diagram how a converging lens could be used to: (i) ignite a piece of carbon paper,(ii) produce an enlarged picture on a screen, (iii) correct an eye defect,",
					"(b) What is a mechanical wave? Describe with the aid of a diagram, an experiment to show that sound needs a material medium for transmission. State three characteristics of sound and mention the factor on which each depends."
				]
			},
			{
				"qs": [
					"4. (a) Explain what is meant by: (i) electric field intensity, (ii) electric lines of force,",
					"(b) Two similar but opposite point charges -q and +q each of magnitude 5.0 x 10<sup>-8</sup>C are separated by a distance of 8.0cm in vacuum as shown in the diagram below.",
					"<img src='physics_1988_sectiona_qst4a.jpg'>",
					"Calculate the magnitude and direction of the resultant electric field intensity E at the point P. Draw the lines of force due to this system of charges,",
					"(Take <sup>1</sup>/<sub>4ml</sub> = 9 x 10NmC).",
					"<img src='physics_1988_sectiona_qst4b.jpg'>",
					"(c) Calculate the following in the series circuit shown above: (i) reactance of the capacitor, (ii) impedance of the circuit, (iii) current through the circuit, (iv) voltage across the capacitor, (v) average power used in the circuit."
				]
			}
		]
	}
]