[
	{
		"headd": "Theory Test Questions: Answer all the questions",
		"PartA": [
			{
				"headd": "Answer three questions only from this section. Write your answers in ink in your answer book. Large la-belled diagrams should be used where they make an answer clearer. The names given for chosen species must be English or scientific and not vernacular. All question carry equal marks. *"
			},
			{
				"qs": [
					"1a. (i) Make a labelled drawing of a typical plant cell to show its essential features. (ii)	Give the functions of two labelled organelles.",
					"1b. Describe briefly two levels of cell organization in living organisms giving an example of each type.",
					"1c. What role do the following processes play in the activities of a living cell: (i) osmosis (ii) diffusion"
				]
			},
			{
				"qs": [
					"2a. State four modes of nutrition in plants.",
					"2b. Outline the process involve in the light and darkness, reaction of photosynthesis",
					"2c. Describe briefly the modifications and the mechanisms associated with the following feeding habits: (i)	filter feeding in mosquito larva (ii) parasitic feeding in tapeworm."
				]
			},
			{
				"qs": [
					"3a. (i) Define the term population (ii) List two biotic and abiotic factors each that affect population growth.",
					"3b. What are the effects of food shortage on a population?",
					"3c. Describe two methods each for: (i) improving crop yield: (ii) preserving and storing food. Explain the principle involved in each of the method described for pre-serving and storing food"
				]
			},
			{
				"qs": [
					"4a. What is conservation of natural resources?",
					"4b. List various natural resources that need to be conserved. State briefly the benefits of conservation in each case.",
					"4c. List the problems often encountered in ensuring conser-vation of natural resources.",
					"4d. What are the efforts being employed in your country to ensure conservation of natural resources?"
				]
			}
		]
	}
]