[
	{
		"headd": "Theory Test Questions: Answer five questions in all, including at least one question from each section.",
		"PartA": [
			{
				"headd": "Section I"
			},
			{
				"qs": [
					"1.(a) Name two allotropes of carbon.",
					"(b) Name two products of the destructive distillation of coal and state one use of each."
				]
			},
			{
				"qs": [
					"2.(a) Give one example of (i) heavy chemicals (ii) fine chemicals.",
					"(b) Write the structural formulae and the names of compounds having the formula C<sub>2</sub>H<sub>4</sub>Cl<sub>2</sub>."
				]
			},
			{
				"qs": [
					"3. (a) Arrange the following in their correct order of increasing energy: alpha particles, gamma rays and beta particles.",
					"(b) State one difference between nuclear fission and nuclear fusion."
				]
			},
			{
				"qs": [
					"4.	50cm3 of sulphur (IV) oxide were produced at s.t.p. when some quantity of powdered sulphur were burnt in excess oxygen.",
					"(a) Write the equation for the reaction.",
					"(b) Calculate the volume of oxygen used up during the reaction.",
					"(c) Which of the gas laws is applicable? State the law."
				]
			},
			{
				"qs": [
					"5. (a) How does the collision theory explain the rate of a chemical reaction?",
					"(b) State how each of the following affects the rates of chemical reactions: (i) surface area (ii) catalyst."
				]
			},
			{
				"qs": [
					"6. (a) Write the ionic equation for the reaction between zinc powder and silver trioxonitrate (VI) solution",
					"(b) Which substance in (a) above is (i) oxidized, (ii) reduced?",
					"(c) State two applications of oxidation numbers."
				]
			},
			{
				"qs": [
					"7."
				]
			},

			{
				"qs": [
					"8."
				]
			},

			{
				"qs": [
					"9."
				]
			},

			{
				"qs": [
					"10."
				]
			}
		],
		"PartB": [
			{
				"headd": "Section II."
			},
			{
				"qs": [
					"11. (a) Explain with equation where appropriate, the functions of the following substances in the Solvay Process: (i) limestone, (ii) ammonia, (iii) brine.",
					"(b) Explain why the reaction between aqueous sodium trioxocarbonate (IV) solution and dilute hydrochloric acid is a neutralization reaction.",
					"(c) Calculate the mass of sodium trioxocarbonate (IV) produced by the complete decomposition of 16.8g of sodium hydrogen trioxocarbonate (IV) (H = 1,0 = 16, Na = 23, S = 33)."
				]
			},
			{
				"qs": [
					"12. "
				]
			},
			{
				"qs": [
					"13. "
				]
			},
			{
				"qs": [
					"14. "
				]
			}
		]
	}
]