[
	{
		"headd": "Theory Test Questions: Answer all the questions",
		"PartA": [
			{
				"headd": "Part A: Answer one question only from this section"
			},
			{
				"qs": [
					"1. Given the figures below: ",
					"Price of commodity A in January = #5.00, Price of commodity A in February = #7.00",
					"Quantity of A bought in January = 20kg, Quantity of A bought in February = 16kg",
					"(a) Calculate: (i) Percentage change in quantity bought (%), (ii) Percentage change in price of A (%), (iii) Coefficient of price elasticity of demand ",
					"(b) From your answer: (i) Is the demand elastic or inelastic? (ii) How do you know this?",
				]
			},
			{
				"qs": [
					"2.	From the table below, answer the following questions: ",
					"<img src='eco_thry_1988_sectiona_qst2_1.jpg'>",
					"(a) Find the value of F, M and X",
					"(b) (i) What would be the profit-maximizing output of this firm? (ii) If this firm were operating under perfect competition, what would be the price of its product?"
				]
			}
		],
		"PartB": [
			{
				"headd": "Part B: Answer three questions only from this section."
			},
			{
				"qs": [
					"3. Explain the uses of national income figures.",
				],
				"qs": [
					"4. (a) Briefly outline the views of Thomas Malthus about population, (b) How valid are such views about the Nigerian situation today?",
				],
				"qs": [
					"5. (a) What is demand-pull inflation? (b) Why is price control not suitable in checking this type of inflation?",
				],
				"qs": [
					"6. What has the government done to encourage industrialization in Nigeria?",
				],
				"qs": [
					"7. Write short notes on (a) Liquidity Ratio (b) Fixed Deposits (c) Money Market",
				],
				"qs": [
					"8. The bulk of West African foreign trade is directed away from Africa to Europe and America. What are the reasons for this?",
				],
				"qs": [
					"9. Discuss the important role played by agriculture in the economy of your country.",
				],
				"qs": [
					"10. (a) What are the objectives of the Organisation of Petroleum Exporting Countries (OPEC)? (b) What are the problems of the OPEC? (c) What remedies have been adopted to curtail them?",
				]
			}
		]
	}
]