[
	{
		"headd": "Objective Test Questions: Answer all the questions",
		"S1":{
			"PA": {
				"qst": [
					"Probably the Motorist saw the --1-- lorry too --2-- to be able --3-- disaster.",
					"However, he realized that if he kept to the --4--, a probably --5-- head on --6-- would be unavoidable.",
					"The only alternative was to take the lesser risk of leaving the road.",
					"With great care therefore, he turned sharply --7-- the road and into the ditch by the --8--.",
					"The consequence was that,  instead of being involved in a serious and probably fatal --9--, ",
					"the --10-- escaped with a few minor --11-- and bruises, while the only --12-- to his car was a bent mudguard.",
					"By --13-- into the roadside ditch to avoid what could have been a collision with the approaching lorry, ",
					"he averted a --14-- accident at the --15-- of a few --16-- to himelf and a slight damage to his car."
				],
				"Q1": {
					"opts": {
						"q0": "A. incoming",
						"q1": "B. oncoming",
						"q2": "C. downcoming",
						"q3": "D. offcoming",
						"q4": "E. outcoming"
					},
					"ans": "",
					"sel": ""
				},
				"Q2": {
					"opts": {
						"q0": "A. much",
						"q1": "B. early",
						"q2": "C. soon",
						"q3": "D. often",
						"q4": "E. late"
					},
					"ans": "",
					"sel": ""
				},
				"Q3": {
					"opts": {
						"q0": "A. ",
						"q1": "B. ",
						"q2": "C. ",
						"q3": "D. ",
						"q4": "E. "
					},
					"ans": "",
					"sel": ""
				},
				"Q4": {
					"opts": {
						"q0": "A. ",
						"q1": "B. ",
						"q2": "C. ",
						"q3": "D. ",
						"q4": "E. "
					},
					"ans": "",
					"sel": ""
				},
				"Q5": {
					"opts": {
						"q0": "A. ",
						"q1": "B. ",
						"q2": "C. ",
						"q3": "D. ",
						"q4": "E. "
					},
					"ans": "",
					"sel": ""
				},
				"Q6": {
					"opts": {
						"q0": "A. ",
						"q1": "B. ",
						"q2": "C. ",
						"q3": "D. ",
						"q4": "E. "
					},
					"ans": "",
					"sel": ""
				},
				"Q7": {
					"opts": {
						"q0": "A. ",
						"q1": "B. ",
						"q2": "C. ",
						"q3": "D. ",
						"q4": "E. "
					},
					"ans": "",
					"sel": ""
				},
				"Q8": {
					"opts": {
						"q0": "A. ",
						"q1": "B. ",
						"q2": "C. ",
						"q3": "D. ",
						"q4": "E. "
					},
					"ans": "",
					"sel": ""
				},
				"Q9": {
					"opts": {
						"q0": "A. ",
						"q1": "B. ",
						"q2": "C. ",
						"q3": "D. ",
						"q4": "E. "
					},
					"ans": "",
					"sel": ""
				},
				"Q10": {
					"opts": {
						"q0": "A. ",
						"q1": "B. ",
						"q2": "C. ",
						"q3": "D. ",
						"q4": "E. "
					},
					"ans": "",
					"sel": ""
				},
				"Q11": {
					"opts": {
						"q0": "A. ",
						"q1": "B. ",
						"q2": "C. ",
						"q3": "D. ",
						"q4": "E. "
					},
					"ans": "",
					"sel": ""
				},
				"Q12": {
					"opts": {
						"q0": "A. ",
						"q1": "B. ",
						"q2": "C. ",
						"q3": "D. ",
						"q4": "E. "
					},
					"ans": "",
					"sel": ""
				},
				"Q13": {
					"opts": {
						"q0": "A. ",
						"q1": "B. ",
						"q2": "C. ",
						"q3": "D. ",
						"q4": "E. "
					},
					"ans": "",
					"sel": ""
				},
				"Q14": {
					"opts": {
						"q0": "A. ",
						"q1": "B. ",
						"q2": "C. ",
						"q3": "D. ",
						"q4": "E. "
					},
					"ans": "",
					"sel": ""
				},
				"Q15": {
					"opts": {
						"q0": "A. ",
						"q1": "B. ",
						"q2": "C. ",
						"q3": "D. ",
						"q4": "E. "
					},
					"ans": "",
					"sel": ""
				},
				"Q16": {
					"opts": {
						"q0": "A. ",
						"q1": "B. ",
						"q2": "C. ",
						"q3": "D. ",
						"q4": "E. "
					},
					"ans": "",
					"sel": ""
				},
			},
			"PB": {
				"qst": [
					"",
					"",
					"",
					"",
					"",
					"",
					"",
					"",
					"",
					""
				],
				"Q17": {
					"opts": {
						"q0": "A. ",
						"q1": "B. ",
						"q2": "C. ",
						"q3": "D. ",
						"q4": "E. "
					},
					"ans": ""
				},
				"Q18": {
					"opts": {
						"q0": "A. ",
						"q1": "B. ",
						"q2": "C. ",
						"q3": "D. ",
						"q4": "E. "
					},
					"ans": ""
				},
				"Q19": {
					"opts": {
						"q0": "A. ",
						"q1": "B. ",
						"q2": "C. ",
						"q3": "D. ",
						"q4": "E. "
					},
					"ans": ""
				},
				"Q20": {
					"opts": {
						"q0": "A. ",
						"q1": "B. ",
						"q2": "C. ",
						"q3": "D. ",
						"q4": "E. "
					},
					"ans": ""
				},
				"Q21": {
					"opts": {
						"q0": "A. ",
						"q1": "B. ",
						"q2": "C. ",
						"q3": "D. ",
						"q4": "E. "
					},
					"ans": ""
				},
				"Q22": {
					"opts": {
						"q0": "A. ",
						"q1": "B. ",
						"q2": "C. ",
						"q3": "D. ",
						"q4": "E. "
					},
					"ans": ""
				},
				"Q23": {
					"opts": {
						"q0": "A. ",
						"q1": "B. ",
						"q2": "C. ",
						"q3": "D. ",
						"q4": "E. "
					},
					"ans": ""
				},
				"Q24": {
					"opts": {
						"q0": "A. ",
						"q1": "B. ",
						"q2": "C. ",
						"q3": "D. ",
						"q4": "E. "
					},
					"ans": ""
				},
				"Q25": {
					"opts": {
						"q0": "A. ",
						"q1": "B. ",
						"q2": "C. ",
						"q3": "D. ",
						"q4": "E. "
					},
					"ans": ""
				},
				"Q26": {
					"opts": {
						"q0": "A. ",
						"q1": "B. ",
						"q2": "C. ",
						"q3": "D. ",
						"q4": "E. "
					},
					"ans": ""
				},
				"Q27": {
					"opts": {
						"q0": "A. ",
						"q1": "B. ",
						"q2": "C. ",
						"q3": "D. ",
						"q4": "E. "
					},
					"ans": ""
				},
				"Q28": {
					"opts": {
						"q0": "A. ",
						"q1": "B. ",
						"q2": "C. ",
						"q3": "D. ",
						"q4": "E. "
					},
					"ans": ""
				},
				"Q29": {
					"opts": {
						"q0": "A. ",
						"q1": "B. ",
						"q2": "C. ",
						"q3": "D. ",
						"q4": "E. "
					},
					"ans": ""
				},
				"Q30": {
					"opts": {
						"q0": "A. ",
						"q1": "B. ",
						"q2": "C. ",
						"q3": "D. ",
						"q4": "E. "
					},
					"ans": ""
				}
			},
		},
		"S2": {
			"headd": "In each of the following sentences, there is one word underlined and one gap. From the list of words lettered A to E, choose the word or group of words that is most nearly opposite in meaning to the underlined word and that will, at the same time, correctly fill the gap in the sentence.",
			"Q31": {
				"qs": "Tunde **purchased** various articles at the big sale near kingsway and surprisingly enough, he .... them all before he reached home that day.",
				"opts": {
					"q0": "A. destroyed",
					"q1": "B. bought",
					"q2": "C. sold ",
					"q3": "D. distributed ",
					"q4": "E. lent"
				},
				"ans": ""
			},
			"Q32": {
				"qs": "",
				"opts": {
					"q0": "A. ",
					"q1": "B. ",
					"q2": "C. ",
					"q3": "D. ",
					"q4": "E. "
				},
				"ans": ""
			},
			"Q33": {
				"qs": "",
				"opts": {
					"q0": "A. ",
					"q1": "B. ",
					"q2": "C. ",
					"q3": "D. ",
					"q4": "E. "
				},
				"ans": ""
			},
			"Q34": {
				"qs": "",
				"opts": {
					"q0": "A. ",
					"q1": "B. ",
					"q2": "C. ",
					"q3": "D. ",
					"q4": "E. "
				},
				"ans": ""
			},
			"Q35": {
				"qs": "",
				"opts": {
					"q0": "A. ",
					"q1": "B. ",
					"q2": "C. ",
					"q3": "D. ",
					"q4": "E. "
				},
				"ans": ""
			},
			"Q36": {
				"qs": "",
				"opts": {
					"q0": "A. ",
					"q1": "B. ",
					"q2": "C. ",
					"q3": "D. ",
					"q4": "E. "
				},
				"ans": ""
			}
		},
		"S3": {
			"headd": "After each of the following sentences, the list of possible interpretations of all or part of the sentence is given. Choose the interpretation that you consider appropriate for each sentence.",
			"Q37": {
				"qs": "Mr. John has always managed to **keep his head above water**.",
				"opts": {
					"q0": "A. keep his head above water when swimming ",
					"q1": "B. like swimming",
					"q2": "C. know the techniques of swimming ",
					"q3": "D. stay out of financial difficulty ",
					"q4": "E. borrow a large amount of money the bank and he is trying to pay it up"
				},
				"ans": ""
			},
			"Q38": {
				"qs": "",
				"opts": {
					"q0": "A. ",
					"q1": "B. ",
					"q2": "C. ",
					"q3": "D. ",
					"q4": "E. "
				},
				"ans": ""
			},
			"Q39": {
				"qs": "",
				"opts": {
					"q0": "A. ",
					"q1": "B. ",
					"q2": "C. ",
					"q3": "D. ",
					"q4": "E. "
				},
				"ans": ""
			},
			"Q40": {
				"qs": "",
				"opts": {
					"q0": "A. ",
					"q1": "B. ",
					"q2": "C. ",
					"q3": "D. ",
					"q4": "E. "
				},
				"ans": ""
			},
			"Q41": {
				"qs": "",
				"opts": {
					"q0": "A. ",
					"q1": "B. ",
					"q2": "C. ",
					"q3": "D. ",
					"q4": "E. "
				},
				"ans": ""
			},
			"Q42": {
				"qs": "",
				"opts": {
					"q0": "A. ",
					"q1": "B. ",
					"q2": "C. ",
					"q3": "D. ",
					"q4": "E. "
				},
				"ans": ""
			}
		},
		"S4": {
			"headd": "From the word listed A to E below each of the following sentences, choose the word or group of words that is nearest in meaning to the underlined expression as it is used in the sentence.",
			"Q43": {
				"qs": "My choice of a partner would be based on character, not **looks**. ",
				"opts": {
					"q0": "A. visibility",
					"q1": "B. feasibility",
					"q2": "C. appearance",
					"q3": "D. stares",
					"q4": "E. posture"
				},
				"ans": ""
			},
			"Q44": {
				"qs": "",
				"opts": {
					"q0": "A. ",
					"q1": "B. ",
					"q2": "C. ",
					"q3": "D. ",
					"q4": "E. "
				},
				"ans": ""
			},
			"Q45": {
				"qs": "",
				"opts": {
					"q0": "A. ",
					"q1": "B. ",
					"q2": "C. ",
					"q3": "D. ",
					"q4": "E. "
				},
				"ans": ""
			},
			"Q46": {
				"qs": "",
				"opts": {
					"q0": "A. ",
					"q1": "B. ",
					"q2": "C. ",
					"q3": "D. ",
					"q4": "E. "
				},
				"ans": ""
			},
			"Q47": {
				"qs": "",
				"opts": {
					"q0": "A. ",
					"q1": "B. ",
					"q2": "C. ",
					"q3": "D. ",
					"q4": "E. "
				},
				"ans": ""
			},
			"Q48": {
				"qs": "",
				"opts": {
					"q0": "A. ",
					"q1": "B. ",
					"q2": "C. ",
					"q3": "D. ",
					"q4": "E. "
				},
				"ans": ""
			}
		},
		"S5": {
			"headd": "From the word listed A to E below each of the following sentences, choose the word or group of words that is nearest in meaning to the underlined expression as it is used in the sentence.",
			"Q49": {
				"qs": "49.	Adamu is a very good friend on .... I can rely ",
				"opts": {
					"q0": "A. who ",
					"q1": "B. whose ",
					"q2": "C. which ",
					"q3": "D. whom",
					"q4": "E. "
				},
				"ans": ""
			},
			"Q50": {
				"qs": "",
				"opts": {
					"q0": "A. ",
					"q1": "B. ",
					"q2": "C. ",
					"q3": "D. ",
					"q4": "E. "
				},
				"ans": ""
			},
			"Q51": {
				"qs": "",
				"opts": {
					"q0": "A. ",
					"q1": "B. ",
					"q2": "C. ",
					"q3": "D. ",
					"q4": "E. "
				},
				"ans": ""
			},
			"Q52": {
				"qs": "",
				"opts": {
					"q0": "A. ",
					"q1": "B. ",
					"q2": "C. ",
					"q3": "D. ",
					"q4": "E. "
				},
				"ans": ""
			},
			"Q53": {
				"qs": "",
				"opts": {
					"q0": "A. ",
					"q1": "B. ",
					"q2": "C. ",
					"q3": "D. ",
					"q4": "E. "
				},
				"ans": ""
			},
			"Q54": {
				"qs": "",
				"opts": {
					"q0": "A. ",
					"q1": "B. ",
					"q2": "C. ",
					"q3": "D. ",
					"q4": "E. "
				},
				"ans": ""
			},
			"Q55": {
				"qs": "",
				"opts": {
					"q0": "A. ",
					"q1": "B. ",
					"q2": "C. ",
					"q3": "D. ",
					"q4": "E. "
				},
				"ans": ""
			},
			"Q56": {
				"qs": "",
				"opts": {
					"q0": "A. ",
					"q1": "B. ",
					"q2": "C. ",
					"q3": "D. ",
					"q4": "E. "
				},
				"ans": ""
			},
			"Q57": {
				"qs": "",
				"opts": {
					"q0": "A. ",
					"q1": "B. ",
					"q2": "C. ",
					"q3": "D. ",
					"q4": "E. "
				},
				"ans": ""
			},
			"Q58": {
				"qs": "",
				"opts": {
					"q0": "A. ",
					"q1": "B. ",
					"q2": "C. ",
					"q3": "D. ",
					"q4": "E. "
				},
				"ans": ""
			},
			"Q59": {
				"qs": "",
				"opts": {
					"q0": "A. ",
					"q1": "B. ",
					"q2": "C. ",
					"q3": "D. ",
					"q4": "E. "
				},
				"ans": ""
			},
			"Q60": {
				"qs": "",
				"opts": {
					"q0": "A. ",
					"q1": "B. ",
					"q2": "C. ",
					"q3": "D. ",
					"q4": "E. "
				},
				"ans": ""
			},
			"Q61": {
				"qs": "",
				"opts": {
					"q0": "A. ",
					"q1": "B. ",
					"q2": "C. ",
					"q3": "D. ",
					"q4": "E. "
				},
				"ans": ""
			},
			"Q62": {
				"qs": "",
				"opts": {
					"q0": "A. ",
					"q1": "B. ",
					"q2": "C. ",
					"q3": "D. ",
					"q4": "E. "
				},
				"ans": ""
			},
			"Q63": {
				"qs": "",
				"opts": {
					"q0": "A. ",
					"q1": "B. ",
					"q2": "C. ",
					"q3": "D. ",
					"q4": "E. "
				},
				"ans": ""
			},
			"Q64": {
				"qs": "",
				"opts": {
					"q0": "A. ",
					"q1": "B. ",
					"q2": "C. ",
					"q3": "D. ",
					"q4": "E. "
				},
				"ans": ""
			},
			"Q65": {
				"qs": "",
				"opts": {
					"q0": "A. ",
					"q1": "B. ",
					"q2": "C. ",
					"q3": "D. ",
					"q4": "E. "
				},
				"ans": ""
			},
			"Q66": {
				"qs": "",
				"opts": {
					"q0": "A. ",
					"q1": "B. ",
					"q2": "C. ",
					"q3": "D. ",
					"q4": "E. "
				},
				"ans": ""
			},
			"Q67": {
				"qs": "",
				"opts": {
					"q0": "A. ",
					"q1": "B. ",
					"q2": "C. ",
					"q3": "D. ",
					"q4": "E. "
				},
				"ans": ""
			},
			"Q68": {
				"qs": "",
				"opts": {
					"q0": "A. ",
					"q1": "B. ",
					"q2": "C. ",
					"q3": "D. ",
					"q4": "E. "
				},
				"ans": ""
			},
			"Q69": {
				"qs": "",
				"opts": {
					"q0": "A. ",
					"q1": "B. ",
					"q2": "C. ",
					"q3": "D. ",
					"q4": "E. "
				},
				"ans": ""
			},
			"Q70": {
				"qs": "",
				"opts": {
					"q0": "A. ",
					"q1": "B. ",
					"q2": "C. ",
					"q3": "D. ",
					"q4": "E. "
				},
				"ans": ""
			},
			"Q71": {
				"qs": "",
				"opts": {
					"q0": "A. ",
					"q1": "B. ",
					"q2": "C. ",
					"q3": "D. ",
					"q4": "E. "
				},
				"ans": ""
			},
			"Q72": {
				"qs": "",
				"opts": {
					"q0": "A. ",
					"q1": "B. ",
					"q2": "C. ",
					"q3": "D. ",
					"q4": "E. "
				},
				"ans": ""
			},
			"Q73": {
				"qs": "",
				"opts": {
					"q0": "A. ",
					"q1": "B. ",
					"q2": "C. ",
					"q3": "D. ",
					"q4": "E. "
				},
				"ans": ""
			},
			"Q74": {
				"qs": "",
				"opts": {
					"q0": "A. ",
					"q1": "B. ",
					"q2": "C. ",
					"q3": "D. ",
					"q4": "E. "
				},
				"ans": ""
			},
			"Q75": {
				"qs": "",
				"opts": {
					"q0": "A. ",
					"q1": "B. ",
					"q2": "C. ",
					"q3": "D. ",
					"q4": "E. "
				},
				"ans": ""
			},
			"Q76": {
				"qs": "",
				"opts": {
					"q0": "A. ",
					"q1": "B. ",
					"q2": "C. ",
					"q3": "D. ",
					"q4": "E. "
				},
				"ans": ""
			},
			"Q77": {
				"qs": "",
				"opts": {
					"q0": "A. ",
					"q1": "B. ",
					"q2": "C. ",
					"q3": "D. ",
					"q4": "E. "
				},
				"ans": ""
			},
			"Q78": {
				"qs": "",
				"opts": {
					"q0": "A. ",
					"q1": "B. ",
					"q2": "C. ",
					"q3": "D. ",
					"q4": "E. "
				},
				"ans": ""
			},
			"Q79": {
				"qs": "",
				"opts": {
					"q0": "A. ",
					"q1": "B. ",
					"q2": "C. ",
					"q3": "D. ",
					"q4": "E. "
				},
				"ans": ""
			},
			"Q80": {
				"qs": "",
				"opts": {
					"q0": "A. ",
					"q1": "B. ",
					"q2": "C. ",
					"q3": "D. ",
					"q4": "E. "
				},
				"ans": ""
			},
			"Q81": {
				"qs": "",
				"opts": {
					"q0": "A. ",
					"q1": "B. ",
					"q2": "C. ",
					"q3": "D. ",
					"q4": "E. "
				},
				"ans": ""
			},
			"Q82": {
				"qs": "",
				"opts": {
					"q0": "A. ",
					"q1": "B. ",
					"q2": "C. ",
					"q3": "D. ",
					"q4": "E. "
				},
				"ans": ""
			},
			"Q83": {
				"qs": "",
				"opts": {
					"q0": "A. ",
					"q1": "B. ",
					"q2": "C. ",
					"q3": "D. ",
					"q4": "E. "
				},
				"ans": ""
			},
			"Q84": {
				"qs": "",
				"opts": {
					"q0": "A. ",
					"q1": "B. ",
					"q2": "C. ",
					"q3": "D. ",
					"q4": "E. "
				},
				"ans": ""
			},
			"Q85": {
				"qs": "",
				"opts": {
					"q0": "A. ",
					"q1": "B. ",
					"q2": "C. ",
					"q3": "D. ",
					"q4": "E. "
				},
				"ans": ""
			},
			"Q86": {
				"qs": "",
				"opts": {
					"q0": "A. ",
					"q1": "B. ",
					"q2": "C. ",
					"q3": "D. ",
					"q4": "E. "
				},
				"ans": ""
			},
			"Q87": {
				"qs": "",
				"opts": {
					"q0": "A. ",
					"q1": "B. ",
					"q2": "C. ",
					"q3": "D. ",
					"q4": "E. "
				},
				"ans": ""
			},
			"Q88": {
				"qs": "",
				"opts": {
					"q0": "A. ",
					"q1": "B. ",
					"q2": "C. ",
					"q3": "D. ",
					"q4": "E. "
				},
				"ans": ""
			},
			"Q89": {
				"qs": "",
				"opts": {
					"q0": "A. ",
					"q1": "B. ",
					"q2": "C. ",
					"q3": "D. ",
					"q4": "E. "
				},
				"ans": ""
			},
			"Q90": {
				"qs": "",
				"opts": {
					"q0": "A. ",
					"q1": "B. ",
					"q2": "C. ",
					"q3": "D. ",
					"q4": "E. "
				},
				"ans": ""
			},
			"Q91": {
				"qs": "",
				"opts": {
					"q0": "A. ",
					"q1": "B. ",
					"q2": "C. ",
					"q3": "D. ",
					"q4": "E. "
				},
				"ans": ""
			},
			"Q92": {
				"qs": "",
				"opts": {
					"q0": "A. ",
					"q1": "B. ",
					"q2": "C. ",
					"q3": "D. ",
					"q4": "E. "
				},
				"ans": ""
			},
			"Q93": {
				"qs": "",
				"opts": {
					"q0": "A. ",
					"q1": "B. ",
					"q2": "C. ",
					"q3": "D. ",
					"q4": "E. "
				},
				"ans": ""
			},
			"Q94": {
				"qs": "",
				"opts": {
					"q0": "A. ",
					"q1": "B. ",
					"q2": "C. ",
					"q3": "D. ",
					"q4": "E. "
				},
				"ans": ""
			},
			"Q95": {
				"qs": "",
				"opts": {
					"q0": "A. ",
					"q1": "B. ",
					"q2": "C. ",
					"q3": "D. ",
					"q4": "E. "
				},
				"ans": ""
			},
			"Q96": {
				"qs": "",
				"opts": {
					"q0": "A. ",
					"q1": "B. ",
					"q2": "C. ",
					"q3": "D. ",
					"q4": "E. "
				},
				"ans": ""
			},
			"Q97": {
				"qs": "",
				"opts": {
					"q0": "A. ",
					"q1": "B. ",
					"q2": "C. ",
					"q3": "D. ",
					"q4": "E. "
				},
				"ans": ""
			},
			"Q98": {
				"qs": "",
				"opts": {
					"q0": "A. ",
					"q1": "B. ",
					"q2": "C. ",
					"q3": "D. ",
					"q4": "E. "
				},
				"ans": ""
			},
			"Q99": {
				"qs": "",
				"opts": {
					"q0": "A. ",
					"q1": "B. ",
					"q2": "C. ",
					"q3": "D. ",
					"q4": "E. "
				},
				"ans": ""
			},
			"Q100": {
				"qs": "",
				"opts": {
					"q0": "A. ",
					"q1": "B. ",
					"q2": "C. ",
					"q3": "D. ",
					"q4": "E. "
				},
				"ans": ""
			}
		}
	}
]