[
	{
		"headd": "Objective Test Questions: Answer all the questions",	
		"S1": [
			{
				"headd": "Instruction: Choose the word opposite in meaning to the underlined word."
			},
			{
				"qs": "1. One of the armed robbers was as **daring** in his words at the stake as the other was",
				"opts": {
					"q0": "A. morose ",
					"q1": "B. secretive ",
					"q2": "C. reckless",
					"q3": "D. timid ",
					"q4": "E. rational."
				},
				"ans": "D",
				"sel": ""
			},
			{
				"qs": "2. His **outspokenness** contrasts with the .... of the father",
				"opts": {
					"q0": "A. humour ",
					"q1": "B. sobriety ",
					"q2": "C. deafness ",
					"q3": "D. dumbness ",
					"q4": "E. taciturnity"
				},
				"ans": "E",
				"sel": ""
			},
			{
				"qs": "3. A gully, which is a **natural** phenomenon, could not be mistaken for a tunnel, which is ....",
				"opts": {
					"q0": "A. supernatural ",
					"q1": "B. false",
					"q2": "C. artificial ",
					"q3": "D. imitative ",
					"q4": "E. modern"
				},
				"ans": "C",
				"sel": ""
			},
			{
				"qs": "4. It is curious how Bayo can be so **carefree** in his ways when his brother is so ....",
				"opts": {
					"q0": "A. meticulous ",
					"q1": "B. eccentric ",
					"q2": "C. easy-going",
					"q3": "D. lovable ",
					"q4": "E. indifferent"
				},
				"ans": "A",
				"sel": ""
			},
			{
				"qs": "5. Personally, I **give in** rather easily when it comes to arguments, but Emeka will always .... to his opinions.",
				"opts": {
					"q0": "A. hold in",
					"q1": "B. hold on",
					"q2": "C. give out",
					"q3": "D. hold off",
					"q4": "E. hold back"
				},
				"ans": "B",
				"sel": ""
			},
			{
				"qs": "6. He **intentionally** threw the documents away and somebody .... burnt them",
				"opts": {
					"q0": "A. carelessly ",
					"q1": "B. willingly ",
					"q2": "C. accidentally",
					"q3": "D. foolishly ",
					"q4": "E. fortunately"
				},
				"ans": "C",
				"sel": ""
			},
			{
				"qs": "7. The crops the farmer **planted** were .... by some naughty boys",
				"opts": {
					"q0": "A. sowed ",
					"q1": "B. weeded ",
					"q2": "C. destroyed ",
					"q3": "D. cultivated ",
					"q4": "E. uprooted."
				},
				"ans": "E",
				"sel": ""
			},
			{
				"qs": "8. The man refused to accept the offer of a job in the **rural** areas; he preferred one in the .... area",
				"opts": {
					"q0": "A. local ",
					"q1": "B. urban",
					"q2": "C. municipal ",
					"q3": "D. township ",
					"q4": "E. zonal"
				},
				"ans": "B",
				"sel": ""
			}
		],
		"S2": [
			{
				"headd": "After each of the following sentences, the list of possible interpretations of all or part of the sentence is given. Choose the interpretation that you consider appropriate for each sentence."
			},
			{
				"qs": "9.	The candidates were told that passing the examination wasn’t **a passport to** getting an admission",
				"opts": {
					"q0": "A. a guarantee",
					"q1": "B. a suggestion in",
					"q2": "C. an equivalent",
					"q3": "D. a necessity for",
					"q4": "E. an intention for"
				},
				"ans": "A",
				"sel": ""
			},
			{
				"qs": "10. She tried to **throw dust in mv eyes**",
				"opts": {
					"q0": "A. blow dust into my eyes",
					"q1": "B. fight me",
					"q2": "C. rebuke me",
					"q3": "D. mislead me",
					"q4": "E. make me blind."
				},
				"ans": "D",
				"sel": ""
			},
			{
				"qs": "11.	Despite the different economic measures taken by the government, the country is not yet **out of the wood**",
				"opts": {
					"q0": "A. on the right path",
					"q1": "B. undeveloped",
					"q2": "C. generating enough money from its forest resources",
					"q3": "D. free from difficulties",
					"q4": "E. above comfort"
				},
				"ans": "D",
				"sel": ""
			},
			{
				"qs": "12. Our House **swept the board** in the inter-house sports competition",
				"opts": {
					"q0": "A. prepared the field",
					"q1": "B. came last",
					"q2": "C. was completely successful",
					"q3": "D. was only partially successful",
					"q4": "E. won a consolation prize."
				},
				"ans": "C",
				"sel": ""
			},
			{
				"qs": "13. The preacher advised those who lost their property in the fire outbreak that every cloud has a silverlininq",
				"opts": {
					"q0": "A. the loss is a common",
					"q1": "B. everybody must witness misfortunes in life",
					"q2": "C. every cloud has some silvery lines behind it",
					"q3": "D. when there is life, there is hope",
					"q4": "E. there is a good side to all misfortunes."
				},
				"ans": "E",
				"sel": ""
			},
			{
				"qs": "14. Mv father always advised me to **take time by the forelock**",
				"opts": {
					"q0": "A. use an opportunity promptly",
					"q1": "B. take things easy",
					"q2": "C. be clever",
					"q3": "D. always hurry up",
					"q4": "E. think twice before I act"
				},
				"ans": "A",
				"sel": ""
			},
			{
				"qs": "15. Soyinka has **made his mark** in the literary world",
				"opts": {
					"q0": "A. become rich",
					"q1": "B. become distinguished",
					"q2": "C. scored high marks",
					"q3": "D. stressed his point",
					"q4": "E. won the competition for authors"
				},
				"ans": "B",
				"sel": ""
			},
			{
				"qs": "16. The runners-up trophy which our school ate won was **cold comfort** for all the efforts we made",
				"opts": {
					"q0": "A. befitting reward",
					"q1": "B. wet comfort",
					"q2": "C. an affectionate consideration",
					"q3": "D. well deserved",
					"q4": "E. a poor consolation."
				},
				"ans": "E",
				"sel": ""
			},
			{
				"qs": "17. Amina used to be **hand in glove with her’s boyfriend**",
				"opts": {
					"q0": "A. cheat her boyfriend",
					"q1": "B. admire her boyfriend",
					"q2": "C. fight her boyfriend",
					"q3": "D. wear her boyfriend’s glove",
					"q4": "E. be close relations with her boyfriend."
				},
				"ans": "E",
				"sel": ""
			},
			{
				"qs": "18. Chike escaped the accident **by a hair’s breadth**",
				"opts": {
					"q0": "A. narrowly",
					"q1": "B. jumping",
					"q2": "C. seriously injured",
					"q3": "D. holding on to another person’s hair",
					"q4": "E. crying for help."
				},
				"ans": "A",
				"sel": ""
			}
		],
		"S3": [
			{
				"headd": "From the word listed A to E below each of the following sentences, choose the word or group of words that is nearest in meaning to the underlined expression as it is used in the sentence."
			},
			{
				"qs": "19. The decision taken by the panel is **irrevocable**",
				"opts": {
					"q0": "A. irreversible ",
					"q1": "B. unexpected ",
					"q2": "C. acceptable ",
					"q3": "D. irresponsible ",
					"q4": "E. unacceptable."
				},
				"ans": "A",
				"sel": ""
			},
			{
				"qs": "20. Death is **inevitable** for man",
				"opts": {
					"q0": "A. unavoidable ",
					"q1": "B. essential ",
					"q2": "C. necessary ",
					"q3": "D. immortal ",
					"q4": "E. imminent"
				},
				"ans": "A",
				"sel": ""
			},
			{
				"qs": "21. The superintendent was **appalled** by the attitude of some of the employees towards their work.",
				"opts": {
					"q0": "A. annoyed",
					"q1": "B. disappointed ",
					"q2": "C. shocked ",
					"q3": "D. provoked ",
					"q4": "E. depressed."
				},
				"ans": "C",
				"sel": ""
			},
			{
				"qs": "22.	The lawyer’s argument of the case was **exhaustive**",
				"opts": {
					"q0": "A. interesting ",
					"q1": "B. exaggerating ",
					"q2": "C. exhilarating ",
					"q3": "D. thorough ",
					"q4": "E. fascinating"
				},
				"ans": "D",
				"sel": ""
			},
			{
				"qs": "23.	The suspect was made to walk in front of the **anxious** crowds",
				"opts": {
					"q0": "A. surprised ",
					"q1": "B. astonished ",
					"q2": "C. engrossed ",
					"q3": "D. curious ",
					"q4": "E. questionable"
				},
				"ans": "D",
				"sel": ""
			},
			{
				"qs": "24.	The principal’s orders are **imperative**",
				"opts": {
					"q0": "A. lenient ",
					"q1": "B. authoritative ",
					"q2": "C. genuine ",
					"q3": "D. necessary ",
					"q4": "E. optional"
				},
				"ans": "B",
				"sel": ""
			},
			{
				"qs": "25.	It is **absurd** to suggest that Tunde should marry that saucy lady",
				"opts": {
					"q0": "A. pitiable ",
					"q1": "B. hopeless ",
					"q2": "C. humorous ",
					"q3": "D. untrue ",
					"q4": "E. ridiculous"
				},
				"ans": "E",
				"sel": ""
			},
			{
				"qs": "26.	I am very proud to speak before this **august** assembly",
				"opts": {
					"q0": "A. ignominious ",
					"q1": "B. undignified ",
					"q2": "C. monthly ",
					"q3": "D. untrue ",
					"q4": "E. popular"
				},
				"ans": "E",
				"sel": ""
			},
			{
				"qs": "27.	She tried to settle the quarrel but the man remained **obstinate** to listen to her",
				"opts": {
					"q0": "A. offensive ",
					"q1": "B. angry ",
					"q2": "C. stubborn ",
					"q3": "D. unstable ",
					"q4": "E. impolite"
				},
				"ans": "C",
				"sel": ""
			},
			{
				"qs": "28.	Okon attempted to **entice** Eno with the promise of a handsome sum of money",
				"opts": {
					"q0": "A. deceive ",
					"q1": "B. enchant ",
					"q2": "C. force ",
					"q3": "D. trick ",
					"q4": "E. tempt"
				},
				"ans": "E",
				"sel": ""
			},
			{
				"qs": "29.	The monk lived **an ascetic** life in order to discipline himself.",
				"opts": {
					"q0": "A. a holy ",
					"q1": "B. a religious",
					"q2": "C. an enjoyable",
					"q3": "D. a prayerful",
					"q4": "E. an austere."
				},
				"ans": "E",
				"sel": ""
			}
		],
		"S4": [
			{
				"headd": "After each of the following sentences, the list of possible interpretations of all or part of the sentence is given. Choose the interpretation that you consider appropriate for each sentence."
			},
			{
				"qs": "30.	Despite their newness on the job, the workers were remunerated rather handsomely. This means that",
				"opts": {
					"q0": "A. the sum paid was poor",
					"q1": "B. those paid were handsome in appearance",
					"q2": "C. the system of payment was quite attractive",
					"q3": "D. the sum paid out was quite attractive",
					"q4": "E. the workers were paid by handsome officials."
				},
				"ans": "D",
				"sel": ""
			},
			{
				"qs": "31.	The plan to upgrade the dispensary to a general hospital did not materialize. This means that",
				"opts": {
					"q0": "A. the arrangement did not work out as wished",
					"q1": "B. the plan was badly executed",
					"q2": "C. it was difficult to obtain the materials.",
					"q3": "D. the materials purchased were not the right ones",
					"q4": "E. the plan did not meet the required specifications."
				},
				"ans": "A",
				"sel": ""
			},
			{
				"qs": "32.	When the principal was asked what his opinion was on the controversial issue, his reply was ambiguous. This means that the principal’s reply was not",
				"opts": {
					"q0": "A. convincing ",
					"q1": "B. audible ",
					"q2": "C. intelligent ",
					"q3": "D. clear ",
					"q4": "E. comprehensible"
				},
				"ans": "D",
				"sel": ""
			},
			{
				"qs": "33.	Even though Susan was the last in the examination, her result wasn’t too different from what had been expected. This means that",
				"opts": {
					"q0": "A. her result was a disappointment",
					"q1": "B. her result was as expected",
					"q2": "C. she had not been serious with her studies",
					"q3": "D. her result was known early",
					"q4": "E. her poor performance made her feel sad."
				},
				"ans": "B",
				"sel": ""
			},
			{
				"qs": "34.	Despite their strangely unrefined behaviour, the foreigners were given preferential treatment. This means that the foreigners were",
				"opts": {
					"q0": "A. ill-treated because of their coarseness",
					"q1": "B. cautioned before they were attended to",
					"q2": "C. well-treated despite their rudeness",
					"q3": "D. not attended to because of their behaviour",
					"q4": "E. sorry for their unrefined behaviour."
				},
				"ans": "C",
				"sel": ""
			}
		],
		"S5": [
			{
				"headd": "From the words or group of words lettered A to D, choose the one that best completes each of the following sentences."
			},
			{
				"qs": "35. Mrs. Adam’s purchased ....",
				"opts": {
					"q0": "A. a pure leather bag imported ",
					"q1": "B. an imported pure leather bag",
					"q2": "C. a leather bag imported pure",
					"q3": "D. an imported bag pure leather",
					"q4": "E. "
				},
				"ans": "B",
				"sel": ""
			},
			{
				"qs": "36. The students protested against the ....",
				"opts": {
					"q0": "A. thrice sports weekly practice",
					"q1": "B. weekly sports practice thrice",
					"q2": "C. thrice weekly sports practice",
					"q3": "D. weekly thrice sports practice.",
					"q4": "E. "
				},
				"ans": "C",
				"sel": ""
			},
			{
				"qs": "37. It was apparent that we were being .... by the heat as soon as the air conditioner was switched off",
				"opts": {
					"q0": "A. beaten ",
					"q1": "B. stifled",
					"q2": "C. attacked ",
					"q3": "D. bitten",
					"q4": "E. "
				},
				"ans": "B",
				"sel": ""
			},
			{
				"qs": "38.	The eldest son took a foolish decision which made him .... his claim to the additional chieftaincy title.",
				"opts": {
					"q0": "A. neglect ",
					"q1": "B. yield",
					"q2": "C. disclaim ",
					"q3": "D. forefeit",
					"q4": "E. "
				},
				"ans": "D",
				"sel": ""
			},
			{
				"qs": "39.	Jumai’s stay in the hotel afforded her .... chance to do her writing",
				"opts": {
					"q0": "A. ample ",
					"q1": "B. insufficient ",
					"q2": "C. powerful ",
					"q3": "D. opportune",
					"q4": "E. "
				},
				"ans": "A",
				"sel": ""
			},
			{
				"qs": "40. If I .... what actually happened, I would have punished him",
				"opts": {
					"q0": "A. had heard",
					"q1": "B. have had",
					"q2": "C. had had",
					"q3": "D. have heard",
					"q4": "E. "
				},
				"ans": "A",
				"sel": ""
			},
			{
				"qs": "It .... if the leader of the group had come with them",
				"opts": {
					"q0": "A. will have been better",
					"q1": "B. ought to have being better",
					"q2": "C. would have be better",
					"q3": "D. shall have been better",
					"q4": "E. "
				},
				"ans": "C",
				"sel": ""
			},
			{
				"qs": "42.	It is time we .... for the party",
				"opts": {
					"q0": "A. leave ",
					"q1": "B. left ",
					"q2": "C. have to leave",
					"q3": "D. will leave",
					"q4": "E. "
				},
				"ans": "B",
				"sel": ""
			},
			{
				"qs": "43.	The suspect .... when I entered the office",
				"opts": {
					"q0": "A. has been questioned",
					"q1": "B. have been questioned",
					"q2": "C. was being questioned",
					"q3": "D. is being questioned.",
					"q4": "E. "
				},
				"ans": "C",
				"sel": ""
			},
			{
				"qs": "44.	She .... before I entered the office",
				"opts": {
					"q0": "A. has to be questioned",
					"q1": "B. has been questioned",
					"q2": "C. have been questioned",
					"q3": "D. had been questioned",
					"q4": "E. "
				},
				"ans": "D",
				"sel": ""
			},
			{
				"qs": "45.	The president’s speech ... at 7pm yesterday",
				"opts": {
					"q0": "A. is broadcast",
					"q1": "B. has been broadcast",
					"q2": "C. were broadcast",
					"q3": "D. was broadcast",
					"q4": "E. "
				},
				"ans": "D",
				"sel": ""
			},
			{
				"qs": "46.	You were punished because you .... last week without permission",
				"opts": {
					"q0": "A. ought not to have travelled",
					"q1": "B. must not have travelled",
					"q2": "C. ought not to travel",
					"q3": "D. will not have travelled.",
					"q4": "E. "
				},
				"ans": "A",
				"sel": ""
			},
			{
				"qs": "47. It has been rough so far ....?",
				"opts": {
					"q0": "A. hasn’t it",
					"q1": "B. hadn’t it",
					"q2": "C. isn’t it",
					"q3": "D. wasn’t it",
					"q4": "E. "
				},
				"ans": "A",
				"sel": ""
			},
			{
				"qs": "48.	The Minister says he is accountable .... the president, and nobody else",
				"opts": {
					"q0": "A. from ",
					"q1": "B. to",
					"q2": "C. with",
					"q3": "D. by",
					"q4": "E. "
				},
				"ans": "B",
				"sel": ""
			},
			{
				"qs": "49.	Nobody was surprised that the thief was convicted .... all the charges",
				"opts": {
					"q0": "A. on ",
					"q1": "B. with",
					"q2": "C. of",
					"q3": "D. over",
					"q4": "E. "
				},
				"ans": "A",
				"sel": ""
			},
			{
				"qs": "50.	The PTA meeting did not adjourn until it had discussed all the matters placed .... it.",
				"opts": {
					"q0": "A. by ",
					"q1": "B. with ",
					"q2": "C. before ",
					"q3": "D. over",
					"q4": "E. "
				},
				"ans": "C",
				"sel": ""
			},
			{
				"qs": "51.	My uncle is an expert .... Mechanical Engineering",
				"opts": {
					"q0": "A. at ",
					"q1": "B. in ",
					"q2": "C. with ",
					"q3": "D. for",
					"q4": "E. "
				},
				"ans": "B",
				"sel": ""
			},
			{
				"qs": "52. .... is the owner of this pair of scissors?",
				"opts": {
					"q0": "A. Who ",
					"q1": "B. Whom ",
					"q2": "C. Which ",
					"q3": "D. Whose",
					"q4": "E. "
				},
				"ans": "A",
				"sel": ""
			},
			{
				"qs": "53.	My mother was pleased .... me when she learnt of my success",
				"opts": {
					"q0": "A. with ",
					"q1": "B. at ",
					"q2": "C. in ",
					"q3": "D. for",
					"q4": "E. "
				},
				"ans": "A",
				"sel": ""
			},
			{
				"qs": "54.	Musa was disappointed and decided to take it .... Maryam",
				"opts": {
					"q0": "A. with ",
					"q1": "B. at ",
					"q2": "C. in ",
					"q3": "D. out on",
					"q4": "E. "
				},
				"ans": "D",
				"sel": ""
			},
			{
				"qs": "55.	The students refused to appear before the .... panel set up to look into their demands",
				"opts": {
					"q0": "A. five-man’s",
					"q1": "B. five-man",
					"q2": "C. five-men's",
					"q3": "D. five-men",
					"q4": "E. "
				},
				"ans": "B",
				"sel": ""
			},
			{
				"qs": "56.	He played .... than anyone else",
				"opts": {
					"q0": "A. worse ",
					"q1": "B. badly ",
					"q2": "C. more worse",
					"q3": "D. worst",
					"q4": "E. "
				},
				"ans": "A",
				"sel": ""
			},
			{
				"qs": "57.	She can’t sing .... as I had thought",
				"opts": {
					"q0": "A. so well",
					"q1": "B. good ",
					"q2": "C. well ",
					"q3": "D. as well",
					"q4": "E. "
				},
				"ans": "D",
				"sel": ""
			},
			{
				"qs": "58.	Tayo was very obstinate; the more his mother insisted .... willingly would he do anything",
				"opts": {
					"q0": "A. the more",
					"q1": "B. as less",
					"q2": "C. the less",
					"q3": "D. so less",
					"q4": "E. "
				},
				"ans": "C",
				"sel": ""
			},
			{
				"qs": "59.	There was .... enough food to go round",
				"opts": {
					"q0": "A. scarcely ",
					"q1": "B. a little",
					"q2": "C. almost ",
					"q3": "D. little",
					"q4": "E. "
				},
				"ans": "A",
				"sel": ""
			},
			{
				"qs": "60.	That child .... nearly caused an accident",
				"opts": {
					"q0": "A. rather",
					"q1": "B. just",
					"q2": "C. very",
					"q3": "D. fairly.",
					"q4": "E. "
				},
				"ans": "B",
				"sel": ""
			},
			{
				"qs": "61.	The students did the assignment, but not .... the way I had expected",
				"opts": {
					"q0": "A. so ",
					"q1": "B. quite",
					"q2": "C. hardly",
					"q3": "D. as",
					"q4": "E. "
				},
				"ans": "B",
				"sel": ""
			},
			{
				"qs": "62.	Osaro told members of his club that the match would kick .... at 4.30pm",
				"opts": {
					"q0": "A. up ",
					"q1": "B. off ",
					"q2": "C. back ",
					"q3": "D. on",
					"q4": "E. "
				},
				"ans": "D",
				"sel": ""
			},
			{
				"qs": "63.	Ngozi .... comes to see us now",
				"opts": {
					"q0": "A. scarcely never",
					"q1": "B. almost ever",
					"q2": "C. never more",
					"q3": "D. hardly ever",
					"q4": "E. "
				},
				"ans": "D",
				"sel": ""
			},
			{
				"qs": "64. As the opposing parties would not agree, the peace meeting .... in confusion.",
				"opts": {
					"q0": "A. broke out",
					"q1": "B. broke through",
					"q2": "C. broke off",
					"q3": "D. broke up",
					"q4": "E. "
				},
				"ans": "D",
				"sel": ""
			},
			{
				"qs": "65. Mallam Gana owns many .... on his farm",
				"opts": {
					"q0": "A. cattles ",
					"q1": "B. herd of cattle",
					"q2": "C. heads of cattle",
					"q3": "D. head of cattle.",
					"q4": "E. "
				},
				"ans": "B",
				"sel": ""
			},
			{
				"qs": "66.	I want to know your religious ....",
				"opts": {
					"q0": "A. believe ",
					"q1": "B. believing ",
					"q2": "C. beliefs ",
					"q3": "D. believes",
					"q4": "E. "
				},
				"ans": "C",
				"sel": ""
			},
			{
				"qs": "67.	He runs ....",
				"opts": {
					"q0": "A. rather much fast",
					"q1": "B. quite rather fast",
					"q2": "C. rather too fast",
					"q3": "D. too rather fast.",
					"q4": "E. "
				},
				"ans": "C",
				"sel": ""
			},
			{
				"qs": "68.	The previous assignment was .... for me",
				"opts": {
					"q0": "A. much too difficult",
					"q1": "B. too much difficult",
					"q2": "C. difficult too much",
					"q3": "D. much difficult too",
					"q4": "E. "
				},
				"ans": "A",
				"sel": ""
			},
			{
				"qs": "69.	The TV set	was damaged last week has been taken to an electronics engineer",
				"opts": {
					"q0": "A. which ",
					"q1": "B. who ",
					"q2": "C. of whom",
					"q3": "D. of which",
					"q4": "E. "
				},
				"ans": "A",
				"sel": ""
			},
			{
				"qs": "70.	My .... house is by the side of the road",
				"opts": {
					"q0": "A. father-in-law’s",
					"q1": "B. father’s-in-law",
					"q2": "C. fathers-in-law",
					"q3": "D. father-in-laws'",
					"q4": "E. "
				},
				"ans": "A",
				"sel": ""
			},
			{
				"qs": "71.	The students were advised to look ...... difficult words in the dictionary",
				"opts": {
					"q0": "A. in",
					"q1": "B. on",
					"q2": "C. out",
					"q3": "D. up",
					"q4": "E. "
				},
				"ans": "D",
				"sel": ""
			},
		],
		"S6": [
			{
				"headd": "In the following passages the numbered gaps indicate missing words, against each	number in the list below each	passage five choices are offered in columns lettered A to E. For each question, choose the word that is	the	most suitable to fill the numbered gap in the passage.",
				"PA": [
					"In Nigeria, the idea of taking a vacation cannot be said to have --72--.",
					"This is not to --73-- that Nigerians are not --74-- of travelling.",
					"The people travel so --75-- that the frequency of the travelling could provide useful --76-- for a --77-- census.",
					"The --78-- of tne year --79-- matters --80-- Nigerians are --81-- studied,",
					"it will be --82-- that they move across the --83-- of the country at an --84-- high rate.",
					"Such movements reach a --85-- with the --86-- of festivals. ",
					"All such times, Nigerians troop out despite the --87-- charges imposed by transport owners.",
				]
			},
			{
				"qst": [				
					{
						"opts": {
							"q0": "A. sunk on",
							"q1": "B. caught on",
							"q2": "C. caught in",
							"q3": "D. taken in",
							"q4": "E. come on"
						},
						"ans": "D",
						"sel": ""
					},
					{
						"opts": {
							"q0": "A. think",
							"q1": "B. withdraw",
							"q2": "C. consider",
							"q3": "D. suggest",
							"q4": "E. disprove"
						},
						"ans": "D",
						"sel": ""
					},
					{
						"opts": {
							"q0": "A. disposed",
							"q1": "B. found",
							"q2": "C. fund",
							"q3": "D. inclined",
							"q4": "E. fond"
						},
						"ans": "E",
						"sel": ""
					},
					{
						"opts": {
							"q0": "A. always",
							"q1": "B. quickly",
							"q2": "C. uniformly",
							"q3": "D. often",
							"q4": "E. aimlessly"
						},
						"ans": "D",
						"sel": ""
					},
					{
						"opts": {
							"q0": "A. data",
							"q1": "B. matter",
							"q2": "C. subjects",
							"q3": "D. items",
							"q4": "E. date"
						},
						"ans": "A",
						"sel": ""
					},
					{
						"opts": {
							"q0": "A. state",
							"q1": "B. seasonal",
							"q2": "C. traffic",
							"q3": "D. regular",
							"q4": "E. regional"
						},
						"ans": "D",
						"sel": ""
					},
					{
						"opts": {
							"q0": "A. duration",
							"q1": "B. age",
							"q2": "C. time",
							"q3": "D. session",
							"q4": "E. span"
						},
						"ans": "C",
						"sel": ""
					},
					{
						"opts": {
							"q0": "A. rarely",
							"q1": "B. narrowly",
							"q2": "C. always",
							"q3": "D. regular",
							"q4": "E. clearly"
						},
						"ans": "A",
						"sel": ""
					},
					{
						"opts": {
							"q0": "A. where",
							"q1": "B. why",
							"q2": "C. if",
							"q3": "D. because",
							"q4": "E. when"
						},
						"ans": "C",
						"sel": ""
					},
					{
						"opts": {
							"q0": "A. really",
							"q1": "B. nicely",
							"q2": "C. quickly",
							"q3": "D. scientifically",
							"q4": "E. closely"
						},
						"ans": "E",
						"sel": ""
					},
					{
						"opts": {
							"q0": "A. known",
							"q1": "B. discovered",
							"q2": "C. uncovered",
							"q3": "D. arrived",
							"q4": "E. concluded"
						},
						"ans": "B",
						"sel": ""
					},
					{
						"opts": {
							"q0": "A. length and size",
							"q1": "B. length and depth",
							"q2": "C. length and breadth",
							"q3": "D. lenght and corner",
							"q4": "E. breadth and size"
						},
						"ans": "C",
						"sel": ""
					},
					{
						"opts": {
							"q0": "A. amazingly",
							"q1": "B. amusingly",
							"q2": "C. arguably",
							"q3": "D. indelibly",
							"q4": "E. intolerably"
						},
						"ans": "A",
						"sel": ""
					},
					{
						"opts": {
							"q0": "A. crescendo",
							"q1": "B. rise",
							"q2": "C. height",
							"q3": "D. increase",
							"q4": "E. peak"
						},
						"ans": "E",
						"sel": ""
					},
					{
						"opts": {
							"q0": "A. incident",
							"q1": "B. arriving",
							"q2": "C. addition",
							"q3": "D. advent",
							"q4": "E. adventure"
						},
						"ans": "D",
						"sel": ""
					},
					{
						"opts": {
							"q0": "A. unusual",
							"q1": "B. exorbitant",
							"q2": "C. expensive",
							"q3": "D. excessive",
							"q4": "E. harsh"
						},
						"ans": "B",
						"sel": ""
					}
				]
			},
			{
				"headd": "In the following passages the numbered gaps indicate missing words, against each	number in the list below each	passage five choices are offered in columns lettered A to E. For each question, choose the word that is	the	most suitable to fill the numbered gap in the passage.",
				"PB": [
					"When you desire to erect a building, you must --88-- a plan that is --89-- both from the point of view of --90-- and that of --91--.",
					"The --92-- must be --93-- cleared. Having decided --94-- the building materials to be --95-- the foundation then --97-- to erect the building.",
					"He --98-- that the bricks are of the --99-- recommended by --100-- builders.",
				]
			},
			{
				"qst": [
					{
						"opts": {
							"q0": "A. work by",
							"q1": "B. work from",
							"q2": "C. work in",
							"q3": "D. work on",
							"q4": "E. work for"
						},
						"ans": "D",
						"sel": ""
					},
					{
						"opts": {
							"q0": "A. beautiful",
							"q1": "B. commendable",
							"q2": "C. admirable",
							"q3": "D. qualitative",
							"q4": "E. practicable "
						},
						"ans": "E",
						"sel": ""
					},
					{
						"opts": {
							"q0": "A. cost",
							"q1": "B. amount",
							"q2": "C. price",
							"q3": "D. payment",
							"q4": "E. profit"
						},
						"ans": "A",
						"sel": ""
					},
					{
						"opts": {
							"q0": "A. environs",
							"q1": "B. area",
							"q2": "C. context",
							"q3": "D. atmosphere",
							"q4": "E. environment "
						},
						"ans": "B",
						"sel": ""
					},
					{
						"opts": {
							"q0": "A. floor",
							"q1": "B. ground",
							"q2": "C. site",
							"q3": "D. bush",
							"q4": "E. cite"
						},
						"ans": "C",
						"sel": ""
					},
					{
						"opts": {
							"q0": "A. thoroughly",
							"q1": "B. barely",
							"q2": "C. rarely",
							"q3": "D. commonly",
							"q4": "E. crudely"
						},
						"ans": "A",
						"sel": ""
					},
					{
						"opts": {
							"q0": "A. in",
							"q1": "B. with",
							"q2": "C. on",
							"q3": "D. under",
							"q4": "E. up"
						},
						"ans": "C",
						"sel": ""
					},
					{
						"opts": {
							"q0": "A. built",
							"q1": "B. managed",
							"q2": "C. heated",
							"q3": "D. erected",
							"q4": "E. used"
						},
						"ans": "E",
						"sel": ""
					},
					{
						"opts": {
							"q0": "A. probed",
							"q1": "B. dug",
							"q2": "C. levelled",
							"q3": "D. hewn",
							"q4": "E. arranged"
						},
						"ans": "B",
						"sel": ""
					},
					{
						"opts": {
							"q0": "A. continues",
							"q1": "B. demands",
							"q2": "C. prepares",
							"q3": "D. commences",
							"q4": "E. requests"
						},
						"ans": "D",
						"sel": ""
					},
					{
						"opts": {
							"q0": "A. ensures",
							"q1": "B. assures",
							"q2": "C. assumes",
							"q3": "D. insures",
							"q4": "E. presumes"
						},
						"ans": "A",
						"sel": ""
					},
					{
						"opts": {
							"q0": "A. rigidity",
							"q1": "B. flexibility",
							"q2": "C. standard",
							"q3": "D. medium",
							"q4": "E. solidity "
						},
						"ans": "C",
						"sel": ""
					},
					{
						"opts": {
							"q0": "A. architectural",
							"q1": "B. commissioned",
							"q2": "C. supervisory",
							"q3": "D. professional",
							"q4": "E. pragmatic"
						},
						"ans": "D",
						"sel": ""
					}
				]
			}
		]
	}
]