[
	{
		"headd": "Theory Test Questions: Answer all the questions",
		"PartA": [
			{
				"headd": "Part A: Answer all the questions in this section."
			},
			{
				"qs": [
					"1. Write a story in your school magazine beginning or ending witht the sentence: I wish I had never met the man.",
					"2. You were an eye-witness to an incident in which a crowd of angry traders beat a suspected thief to death. Write a letter to the Divisional Police Officer in your area giving an account of what happened.",
					"3. Write an article for inclusion in one of your local newspapers on the importance of immunization against childhood diseases in your locality.",
					"4. You have been invited to lead the motion in a school debate for or against the proposition that ‘the new 6-3-3-4 system of education will be beneficial to the youths of Nigeria’. Write out your speech.",
					"5. You and a group of school mates were returning from an excursion when the bus in which you were travelling broke down in an isolated place Write a report to the principal on the events that followed and how you got out of the situation.",
					"6. One of your pen friends has written asking you to describe your favourite Nigerian dish to enable her to prepare it. Write back to her explaining how the dish is cooked."
				]
			},
		],
		"PartB": [
			{
				"headd": "Part A: Answer all the questions in this part."
			},
			{
				"qs": [
					{
						"hdr": "7. Read the following passage carefully and then answer the questions which follow:",
						"txt": [
							"At the beginning of the century also, the British administration, after the control of malaria by quinine and the resettlement of whites on high ground at Hill Station, decided to change its policy of appointing Krios to high posts and appointed Europeans instead, some of them with lower qualifications.",
							"The religious societies also seemed to have lost faith in Krio leadership in the Church and sent out white missionaries replace them in Sierra Leone and in Nigeria under the <u>ageing black</u> Bishop Crowther, the first black bishop since the Reformation.",
							"Thus, with economic power lost to the British and Lebanese merchants, civil and religious leadership lost to the British an with a strained relationship between them and the provincial people, the Krios have been a <u>beleaguered</u> community since th 1900s. In 1926 they even lost the <u>cherished</u> control and mayoralty of Freetown which they had held since the 1790s regain n it only after about three decades of <u>petitioning</u>.",
							"",
							"",
							"",
							"",
							"",
							"",
							"",
						],
						"ask": [
							"(a) Give one word that could replace each of the following in the passage: (i) ageing; (ii) beleaguered;(iii) cherished; (iv) petitioning; (v) affiliated; (vi) era",
							"(b) In two sentences, state why it is necessary to resettle the whites on the high ground,",
							"(c) Give three areas in which the Krios found themselves discriminated against,",
							"(d) Give two reasons which show that the Krios were determined people,",
							"(e) Write down the clauses you can see in the first sentence of the passage."
						]
					},
					{
						"hdr": "8. Read the following passage carefully and then answer the questions on it",
						"txt": [
							"It was Kola’s first day at work. That morning, he woke up at exactly five O’clock. He had slept late the night before as he was getting ready for the D-day.",
							"",
							"",
							"",
							"",
							"",
							"",
							"",
						],
						"ask": [
							"(a) Give one reason why Kola’s securing of a job was a relief to his parents,",
							"(b) In one sentence, explain what the writer meant by saying Kola had been living on his parents,",
							"(c) Write a sentence to explain what you think prevented Kola from returning to America after waiting for two years without a job.",
							"(d) What in the writer’s opinion was responsible for Kola's parents’ untiring care for him? Quote a sentence from the passage to support this",
							"this (e) State in one sentence why Kola was then not a man",
							"(f) ",
							"(g)"
						]
					},
					{
						"hdr": "9. Read the following passage carefully and then answer the question on it.",
						"txt": [
							"Katsina has for years been famous for different reasons. Certain qualities have recommended the town as an inland 'port of call' for travellers. Katsina has long had an enviable record of possessing strong and resourceful farmers.",
							"",
							"",
							"",
							"",
							"",
							"",
							"",
						],
						"ask": [
							"(a) farmers",
							"(b) artisans",
							"(c) traders"
						]
					}
				]
			},
		]
	}
]