[
	{
		"headd": "Theory Test Questions: Elements of Practical and Physical Geography, Answer all questions.",
		"PartA": [
			{
				"headd": "Answer questions."
			},
			{
				"qs": [
					"1. Study the map extract provided on a scale of 1:50,000 and answer the questions that follow",
					"(a) In your answer booklet, reduce the mapped area to a third of its original size and state the scale of the new outline.",
					"(b) In your new outline, insert and name: (i) River Pra and indicate its direction of flow with an arrow; (ii) The class 3 road running from PRASO settlement to AKIM OFOASE settlement; (iii) KOTOKUOM settlement, (c) Describe three drainage characteristics of River Pra. (d) Using evidence from the map, state three functions of AKIM OFOASE settlement.",
					"<img src='geo_thry_2015_sectiona_qst1_1.jpg'>"
				]
			},
			{
				"qs": [
					"2. The data below shows the number of farmers who cultivated the underlisted crops in Ajok Region from 2005 to 2007.",
					"<img src='geo_thry_2015_sectiona_qst2_1.jpg'>",
					"(a) Draw a divided bar graph to represent the data, (b) Calculate the number of farmers who cultivated rice from 2005 to 2007. (c) What is the major difference between simple bar graph and the component/divided bar graph?"
				]
			},
			{
				"qs": [
					"3a. Explain the following terms: (i) rotation of the earth; (ii) revolution of the earth; (iii) equinox.",
					"3b. Outline three effects of the revolution of the earth"
				]
			},
			{
				"qs": [
					"4a. List three landforms found in the upper course of a river valley.",
					"4b. With the aid of diagrams, describe the characteristics and mode of formation of an ox-bow lake."
				]
			},
			{
				"qs": [
					"5a. List any three types of mountains",
					"5b. In what four ways are mountains important to man?",
					"5c. Outline two problems caused by mountains."
				]
			},
			{
				"qs": [
					"6(a) Define climate.",
					"6(b) Describe the three climatic belts recognized by the Greek system of classification.",
					"6(c) Outline three reasons why koppen’s system of climatic classification is the most widely accepted."
				]
			},
			{
				"qs": [
					"7(a) What are environmental hazards?",
					"7(b) List three examples of environmental hazards",
					"7(c) Explain five ways of preventing desert encroachment."
				]
			},
			{
				"qs": [
					"8(a) List three features of coastal erosion",
					"8(b) With the aid of diagrams, describe the characteristics and mode of formation of a beach."
				]
			}
		]
	}
]